[
  {
    "thresholds": {
      "code_coverage": 80,
      "Functional_UT_coverage": 85,
      "test_coverage": 80,
      "requirement_coverage": 90,
      "Unit_test_effectiveness": 85,
      "Code_Complexity": 20,
      "Code_Quality_index": 85,
      "Defect_Density": 0.05,
      "Code_Analysis": 85,
      "Code_Redundacy": 25
    }
  },
  {
    "task_name": "Trunk Access",
    "sub_tasks": [
      {
        "sub_task_name": "TrkDoorCtrl",
        "metrics": {
          "deployment_target": "HPC Context",
          "code_coverage": 83.42,
          "Functional_UT_coverage": 82.70,
          "test_coverage": 100,
          "requirement_coverage": 91.0,
          "Unit_test_effectiveness": 20,
          "Code_Complexity": 10.23,
          "Code_Quality_index": 92.5,
          "Defect_Density": 0.23,
          "Code_Analysis": 93.5,
          "Code_Redundacy": 0.34
        }
      },
      {
        "sub_task_name": "TrkLgtCtrl",
        "metrics": {
          "deployment_target": "Zonal B",
          "code_coverage": 90.19,
          "Functional_UT_coverage": 94.6,
          "test_coverage": 100,
          "requirement_coverage": 90.3,
          "Unit_test_effectiveness": 20,
          "Code_Complexity": 8.56,
          "Code_Quality_index": 94.8,
          "Defect_Density": 0.02,
          "Code_Analysis": 97.3,
          "Code_Redundacy": 0.12
        }
      },
      {
        "sub_task_name": "IgnSw",
        "metrics": {
          "deployment_target": "Zonal A",
          "code_coverage": 74.85,
          "Functional_UT_coverage": 85.34,
          "test_coverage": 100,
          "requirement_coverage": 88.4,
          "Unit_test_effectiveness": 20,
          "Code_Complexity": 12.35,
          "Code_Quality_index": 90.2,
          "Defect_Density": 0.67,
          "Code_Analysis": 90.1,
          "Code_Redundacy": 0.87
        }
      },
      {
        "sub_task_name": "VehCtrl",
        "metrics": {
          "deployment_target": "Zonal A",
          "code_coverage": 88.67,
          "Functional_UT_coverage": 87.56,
          "test_coverage": 100,
          "requirement_coverage": 89.2,
          "Unit_test_effectiveness": 20,
          "Code_Complexity": 21.78,
          "Code_Quality_index": 93.1,
          "Defect_Density": 0.05,
          "Code_Analysis": 95.4,
          "Code_Redundacy": 0.23
        }
      },
      {
        "sub_task_name": "TrkAccessReqMgr",
        "metrics": {
          "deployment_target": "Telematic",
          "code_coverage": 65.91,
          "Functional_UT_coverage": 91.67,
          "test_coverage": 100,
          "requirement_coverage": 94.1,
          "Unit_test_effectiveness": 20,
          "Code_Complexity": 6.90,
          "Code_Quality_index": 94.5,
          "Defect_Density": 0.01,
          "Code_Analysis": 99.2,
          "Code_Redundacy": 0.45
        }
      }
    ]
  },
  {
    "task_name": "Trunk Light",
    "sub_tasks": [
      {
        "sub_task_name": "SWC1",
        "metrics": {
          "deployment_target": "ECU-Context",
          "code_coverage": 85,
          "Functional_UT_coverage": 90,
          "test_coverage": 100,
          "requirement_coverage": 12.3,
          "Unit_test_effectiveness": 20,
          "Code_Complexity": 9.12,
          "Code_Quality_index": 90.3,
          "Defect_Density": 0.56,
          "Code_Analysis": 91.7,
          "Code_Redundacy": 0.78
        }
      },
      {
        "sub_task_name": "SWC2",
        "metrics": {
          "deployment_target": "ECU-Context",
          "code_coverage": 85,
          "Functional_UT_coverage": 90,
          "test_coverage": 100,
          "requirement_coverage": 12.3,
          "Unit_test_effectiveness": 20,
          "Code_Complexity": 7.89,
          "Code_Quality_index": 94.2,
          "Defect_Density": 0.34,
          "Code_Analysis": 98.5,
          "Code_Redundacy": 0.12
        }
      }
    ]
  },
  {
    "task_name": "Trunk Display on Cluster",
    "sub_tasks": [
      {
        "sub_task_name": "SWC1",
        "metrics": {
          "deployment_target": "ECU-Context",
          "code_coverage": 85,
          "Functional_UT_coverage": 90,
          "test_coverage": 85.5,
          "requirement_coverage": 12.3,
          "Unit_test_effectiveness": 20,
          "Code_Complexity": 10.56,
          "Code_Quality_index": 91.5,
          "Defect_Density": 0.12,
          "Code_Analysis": 99.5,
          "Code_Redundacy": 0.67
        }
      },
      {
        "sub_task_name": "SWC2",
        "metrics": {
          "deployment_target": "ECU-Context",
          "code_coverage": 85,
          "Functional_UT_coverage": 90,
          "test_coverage": 85.5,
          "requirement_coverage": 12.3,
          "Unit_test_effectiveness": 20,
          "Code_Complexity": 14.23,
          "Code_Quality_index": 93.8,
          "Defect_Density": 0.45,
          "Code_Analysis": 92.3,
          "Code_Redundacy": 0.09
        }
      }
    ]
  }
]
