[
    {
        "task_name": "Trunk Access",
        "sub_tasks": [
            {
                "sub_task_name": "UC 1",
                "metrics": {
                    "Requirement_Coverage": 50,
                    "Functional_Test_Coverage": 90,
                    "Functional_Test_Pass_Percentage": 80
                }
            }
            
        ]
    },
    {
        "task_name": "Trunk Light",
        "sub_tasks": [
            {
                "sub_task_name": "UC 1",
                "metrics": {
                    "Requirement_Coverage": 50, 
                    "Functional_Test_Coverage": 90,
                    "Functional_Test_Pass_Percentage": 80
                }
            },
            {
                "sub_task_name": "UC 2",
                "metrics": {
                    "Requirement_Coverage": 50,
                    "Functional_Test_Coverage": 90,
                    "Functional_Test_Pass_Percentage": 80
                }
            }
        ]
    },
    {
        "task_name": "Trunk Display on Cluster",
        "sub_tasks": [
            {
                "sub_task_name": "UC 1",
                "metrics": {
                    "Requirement_Coverage": 50,
                    "Functional_Test_Coverage": 90,
                    "Functional_Test_Pass_Percentage": 80
                }
            },
            {
                "sub_task_name": "UC 2",
                "metrics": {
                    "Requirement_Coverage": 50,
                    "Functional_Test_Coverage": 90,
                    "Functional_Test_Pass_Percentage": 80
                }
            }
        ]
    }
]