[
    {
      "task_name": "Trunk Accessz",
      "sub_tasks": [
        {
          "sub_task_name": "HPC Context",
          "metrics": {
            "interface": 89.1,
            "periodicity": 0.2,
            "cpu_avg": 12,
            "cpu_peak": 15,
            "memory_avg": 7,
            "memory_peak": 10
          }
        },
        {
          "sub_task_name": "Telemetry",
          "metrics": {
            "interface": 84.67,
            "periodicity": 0.5,
            "cpu_avg": 7,
            "cpu_peak": 11,
            "memory_avg": 12,
            "memory_peak": 15
          }
        },

          {
            "sub_task_name": "Zonal B",
            "metrics": {
                "interface": 93.5,
                "periodicity": 0,
                "cpu_avg": 14,
                "cpu_peak": 18,
                "memory_avg": 8,
                "memory_peak": 13
            }
          }
      ]
    },
    {
        "task_name": "Trunk Light",
        "sub_tasks": [
          {
            "sub_task_name": "HPC",
            "metrics": {
                "interface": 5.5,
                "periodicity": 12.3
            }
          },
          {
            "sub_task_name": "Telemetry",
            "metrics": {
                "interface": 85.5,
                "periodicity": 2.3
            }
          },
          {
            "sub_task_name": "Zonal B",
            "metrics": {
                "interface": 86.5,
                "periodicity": 12.3
            }
          }
        ]
      },
    {
      "task_name": "Trunk Display on Cluster",
      "sub_tasks": [
        {
          "sub_task_name": "HPC Context",
          "metrics": {
            "interface": 85.5,
            "periodicity": 14.3
          }
        },
        {
          "sub_task_name": "Telemetry",
          "metrics": {
            "interface": 85.5,
            "periodicity": 12.3
          }
        },
    
          {
            "sub_task_name": "Zonal B",
            "metrics": {
                "interface": 85.5,
                "periodicity": 42.3
            }
          }
      ]
    }
  ]
  