[
    {
      "task_name": "Trunk Access",
      "sub_tasks": [
        {
          "sub_task_name": "Network",
          "metrics": {
            "ECU":"Telemetric",
            "I_P_PDU": 1,
            "O_P_PDU": "1501",
            "l_min": 3,
            "l_max": 5,
            "l_avg": 4,
            "CPU_Utilization": 5,
            "Memory_Utilization": 7
          }
        },
        {
          "sub_task_name": "SOME/IP",
          "metrics": {
            "ECU":"HPC",
            "I_P_PDU": "1501",
            "O_P_PDU": "1103",
            "l_min": 9,
            "l_max": 11,
            "l_avg": 10,
            "CPU_Utilization": 12,
            "Memory_Utilization": 15
          }
        },
        {
          "sub_task_name": "CAN",
            "metrics": {
                "ECU":"Zonal B",
                "I_P_PDU": "1103",
                "O_P_PDU": "103",
                "l_min": 2,
                "l_max": 3,
                "l_avg": 2.5,
                "CPU_Utilization": 18,
                "Memory_Utilization": 20
            }
        },
        {
            "sub_task_name": "CAN",
              "metrics": {
                  "ECU":"Feature",
                  "I_P_PDU": 1,
                  "O_P_PDU": "103",
                  "l_min": 14,
                  "l_max": 18,
                  "l_avg": 16,
                  "CPU_Utilization": "NA",
                  "Memory_Utilization": "NA"
              }
          }
      ]
    },
    {
        "task_name": "Trunk Control",
        "sub_tasks": [
          {
            "sub_task_name": "Trunk Control",
            "metrics": {
              "ECU":"Telemetric",
              "I_P_PDU": "1102",
              "O_P_PDU": "1401",
              "l_min": 10,
              "l_max": 20,
              "l_avg": 15,
              "CPU_Utilization": 14,
              "Memory_Utilization": 17
            }
          },
          {
            "sub_task_name": "SOME/IP",
            "metrics": {
              "ECU":"HPC",
              "I_P_PDU": "1401",
              "O_P_PDU": "1101",
              "l_min": 10,
              "l_max": 20,
              "l_avg": 15,
              "CPU_Utilization": 7,
              "Memory_Utilization": 9
            }
          },
          {
            "sub_task_name": "CAN",
              "metrics": {
                  "ECU":"Zonal B",
                  "I_P_PDU": "1101",
                  "O_P_PDU": "101",
                  "l_min": 10,
                  "l_max": 20,
                  "l_avg": 15,
                  "CPU_Utilization": 16,
                  "Memory_Utilization": 30
              }
          },
          {
              "sub_task_name": "CAN",
                "metrics": {
                    "ECU":"Feature",
                    "I_P_PDU": "1401",
                    "O_P_PDU": "101",
                    "l_min": 10,
                    "l_max": 20,
                    "l_avg": 15,
                    "CPU_Utilization": "NA",
                    "Memory_Utilization": "NA"
                }
            }
        ]
      }
  ]