{
  "projects": [
    {
      "projectId": "vte",
      "projectName": "MY27",   
      "displayName": "VTE",
      "startDate": "2024-12-01",
      "endDate": "2025-06-30",
      "progressStatus": "In Progress",
      "progress": 40,
      "components": [
        {
          "componentId":"test-analytics",
          "componentName": "Trunk Control",      
          "displayName": "Test Analytics",      
          "startDate": "2025-01-01",
          "endDate": "2025-03-01",
          "progressStatus": "Completed",
          "progress": 50,
          "tasks": [
            {
              "taskName": "Trunk Access",
              "startDate": "2024-12-10",
              "endDate": "2025-01-13",
              "progressStatus": "In Progress",
              "progress": 54
            },
            {
              "taskName": "Trunk Light",
             "startDate": "2024-12-10",
              "endDate": "2025-01-15",
              "progressStatus": "Completed",
              "progress": 50
            },
            {
              "taskName": "Trunk Display on Cluster",
              "startDate": "2024-12-14",
              "endDate": "2025-02-26",
              "progressStatus": "Completed",
              "progress": 10
            }
          ]
        },
        {
          "componentId":"ai-ops",
          "componentName": "LED turn signals",
          "displayName": "AI Ops",
          "startDate": "2025-01-01",
          "endDate": "2025-05-01",
          "progressStatus": "In Progress",
          "progress": 60,
          "tasks": [
           
          ]
        }
      ]
    },
    {
      "projectId": "billing",
      "projectName": "MY28",
      "displayName": "Billing",
      "startDate": "2024-12-01",
      "endDate": "2025-06-30",
      "progressStatus": "In Progress",
      "progress": 40,
      "components": [
        {
          "componentId": "test-analytics",
          "componentName": "Trunk Control",
          "displayName": "Test Analytics",
          "startDate": "2025-01-01",
          "endDate": "2025-03-01",
          "progressStatus": "Completed",
          "progress": 100,
          "tasks": [
            {
              "taskName": "Trunk Access",
              "startDate": "2024-12-01",
              "endDate": "2024-12-15",
              "progressStatus": "Completed",
              "progress": 100
            },
            {
              "taskName": "Trunk Light",
              "startDate": "2024-12-16",
              "endDate": "2024-12-31",
              "progressStatus": "Completed",
              "progress": 100
            },
            {
              "taskName": "Trunk Display on Cluster",
              "startDate": "2024-11-18",
              "endDate": "2024-12-31",
              "progressStatus": "Completed",
              "progress": 100
            }
          ]
        },
        {
          "componentId": "ai-ops",
          "componentName": "LED turn signals",
          "displayName": "AI Ops",
          "startDate": "2025-01-01",
          "endDate": "2025-05-01",
          "progressStatus": "In Progress",
          "progress": 60,
          "tasks": [
           
          ]
        },
        {
          "componentName": "Ambient lightling",
          "startDate": "2025-01-01",
          "endDate": "2025-05-01",
          "progressStatus": "In Progress",
          "progress": 40,
          "tasks": [
           
          ]
        },
        {
          "componentName": "Fog lighting",
          "startDate": "2025-01-01",
          "endDate": "2025-05-01",
          "progressStatus": "In Progress",
          "progress": 80,
          "tasks": [
           
          ]
        },
        {
          "componentName": "Switch on/off low beam",
          "startDate": "2025-01-01",
          "endDate": "2025-05-01",
          "progressStatus": "In Progress",
          "progress": 90,
          "tasks": [
           
          ]
        },
        {
          "componentName": "Flash to pass",
          "startDate": "2025-01-01",
          "endDate": "2025-05-01",
          "progressStatus": "In Progress",
          "progress": 90,
          "tasks": [
           
          ]
        },
        {
          "componentName": "Lock/Unlock car with key/FOB",
          "startDate": "2025-01-01",
          "endDate": "2025-05-01",
          "progressStatus": "In Progress",
          "progress": 40,
          "tasks": [
           
          ]
        },
        {
          "componentName": "Open/close doors",
          "startDate": "2025-01-01",
          "endDate": "2025-05-01",
          "progressStatus": "In Progress",
          "progress": 40,
          "tasks": [
           
          ]
        },
        {
          "componentName": "check and warn traction battery level",
          "startDate": "2025-01-01",
          "endDate": "2025-05-01",
          "progressStatus": "In Progress",
          "progress": 40,
          "tasks": [
           
          ]
        },
        {
          "componentName": "Wireless charging",
          "startDate": "2025-01-01",
          "endDate": "2025-05-01",
          "progressStatus": "In Progress",
          "progress": 40,
          "tasks": [
           
          ]
        },
        {
          "componentName": "Customizable drive modes",
          "startDate": "2025-01-01",
          "endDate": "2025-05-01",
          "progressStatus": "In Progress",
          "progress": 40,
          "tasks": [
           
          ]
        },
        {
          "componentName": "start vehicle mobility",
          "startDate": "2025-01-01",
          "endDate": "2025-05-01",
          "progressStatus": "In Progress",
          "progress": 40,
          "tasks": [
           
          ]
        }
      ]
    }
   
  ]
}