[
  {
    "task_name": "Trunk Control",
    "sub_tasks": [
      {
        "sub_task_name": "TrkDoorCtrl",
        "head": true,
        "metrics": {
          "calender_week_1": 0,
          "calender_week_2": 0,
          "calender_week_3": 33.33,
          "calender_week_4": 100,
          "calender_week_5": 100
        }
      },
      {
        "sub_task_name": "TrkDoorCtrl_T1_TC_DoorOpenIgnOff",
        "metrics": {
          "calender_week_1": "Not Tested",
          "calender_week_2": "Not Tested",
          "calender_week_3": "Fail",
          "calender_week_4": "Pass",
          "calender_week_5": "Pass"
        }
      },
      {
        "sub_task_name": "TrkDoorCtrl_T2_TC_DoorcloseIgnOn",
        "metrics": {
          "calender_week_1": "Not Tested",
          "calender_week_2": "Not Tested",
          "calender_week_3": "Pass",
          "calender_week_4": "Pass",
          "calender_week_5": "Pass"
        }
      },
      {
        "sub_task_name": "TrkDoorCtrl_T3_TC_DoorOpenIgnOn",
        "metrics": {
          "calender_week_1": "Not Tested",
          "calender_week_2": "Not Tested",
          "calender_week_3": "Fail",
          "calender_week_4": "Pass",
          "calender_week_5": "Pass"
        }
      },
      {
        "sub_task_name": "TrkLgtCtrl",
        "head": true,
        "metrics": {
          "calender_week_1": 0,
          "calender_week_2": 0,
          "calender_week_3": 66.66,
          "calender_week_4": 33.33,
          "calender_week_5": 100
        }
      },
      {
        "sub_task_name": "TrkLgtCtrl_T1_TCSuccessfulLightOnOff",
        "metrics": {
          "calender_week_1": "Not Tested",
          "calender_week_2": "Not Tested",
          "calender_week_3": "Pass",
          "calender_week_4": "Pass",
          "calender_week_5": "Not Tested"
        }
      },
      {
        "sub_task_name": "TrkLgtCtrl_T2_TCLightFadeInFadeOut",
        "metrics": {
          "calender_week_1": "Not Tested",
          "calender_week_2": "Not Tested",
          "calender_week_3": "Pass",
          "calender_week_4": "Fail",
          "calender_week_5": "Not Tested"
        }
      },
      {
        "sub_task_name": "TrkLgtCtrl_T3_TCInvalidLightCommand",
        "metrics": {
          "calender_week_1": "Not Tested",
          "calender_week_2": "Not Tested",
          "calender_week_3": "Fail",
          "calender_week_4": "Fail",
          "calender_week_5": "Not Tested"
        }
      },
      {
        "sub_task_name": "IgnSw",
        "head": true,
        "metrics": {
          "calender_week_1": 33.33,
          "calender_week_2": 0,
          "calender_week_3": 33.33,
          "calender_week_4": 66.66,
          "calender_week_5": 100
        }
      },
      {
        "sub_task_name": "IgnSw_T1_TCKeyLessEntry",
        "metrics": {
          "calender_week_1": "Not Tested",
          "calender_week_2": "Not Tested",
          "calender_week_3": "Fail",
          "calender_week_4": "Pass",
          "calender_week_5": "Not Tested"
        }
      },
      {
        "sub_task_name": "IgnSw_T2_TCKeyBasedIgnition",
        "metrics": {
          "calender_week_1": "Not Tested",
          "calender_week_2": "Not Tested",
          "calender_week_3": "Fail",
          "calender_week_4": "Fail",
          "calender_week_5": "Not Tested"
        }
      },
      {
        "sub_task_name": "IgnSw_T3_TCInvalidKey",
        "metrics": {
          "calender_week_1": "Pass",
          "calender_week_2": "Fail",
          "calender_week_3": "Pass",
          "calender_week_4": "Pass",
          "calender_week_5": "Not Tested"
        }
      },
      {
        "sub_task_name": "TrkAccessReqMgr",
        "head": true,
        "metrics": {
          "calender_week_1": 33.33,
          "calender_week_2": 33.33,
          "calender_week_3": 100,
          "calender_week_4": 66.66,
          "calender_week_5": 100
        }
      },
      {
        "sub_task_name": "TrkAccessReqMgr_T1_TCValidAccessRequest",
        "metrics": {
          "calender_week_1": "Not Tested",
          "calender_week_2": "Not Tested",
          "calender_week_3": "Pass",
          "calender_week_4": "Pass",
          "calender_week_5": "Not Tested"
        }
      },
      {
        "sub_task_name": "TrkAccessReqMgr_T2_InvalidAccessRequest",
        "metrics": {
          "calender_week_1": "Pass",
          "calender_week_2": "Fail",
          "calender_week_3": "Pass",
          "calender_week_4": "Fail",
          "calender_week_5": "Not Tested"
        }
      },
      {
        "sub_task_name": "TrkAccessReqMgr_T3_TCTimedOutAccessRequest",
        "metrics": {
          "calender_week_1": "Not Tested",
          "calender_week_2": "Not Tested",
          "calender_week_3": "Pass",
          "calender_week_4": "Pass",
          "calender_week_5": "Not Tested"
        }
      }
    ]
  },
  {
    "task_name": "In Vehicle Infotainment",
    "sub_tasks": [
      {
        "sub_task_name": "Bluetooth",
        "head": true,
        "metrics": {
          "calender_week_1": 0,
          "calender_week_2": 0,
          "calender_week_3": 33.33,
          "calender_week_4": 100,
          "calender_week_5": 100
        }
      },
      {
        "sub_task_name": "BT Screen",
        "metrics": {
          "calender_week_1": "Not Tested",
          "calender_week_2": "Not Tested",
          "calender_week_3": "Fail",
          "calender_week_4": "Pass",
          "calender_week_5": "Pass"
        }
      },
      {
        "sub_task_name": "BT on/off",
        "metrics": {
          "calender_week_1": "Not Tested",
          "calender_week_2": "Not Tested",
          "calender_week_3": "Pass",
          "calender_week_4": "Pass",
          "calender_week_5": "Pass"
        }
      },
      {
        "sub_task_name": "Pair Device",
        "metrics": {
          "calender_week_1": "Not Tested",
          "calender_week_2": "Not Tested",
          "calender_week_3": "Fail",
          "calender_week_4": "Pass",
          "calender_week_5": "Pass"
        }
      },
      {
        "sub_task_name": "Wifi",
        "head": true,
        "metrics": {
          "calender_week_1": 0,
          "calender_week_2": 0,
          "calender_week_3": 66.66,
          "calender_week_4": 33.33,
          "calender_week_5": 100
        }
      },
      {
        "sub_task_name": "IVI Wifi-Phone Hotspot Connection",
        "metrics": {
          "calender_week_1": "Not Tested",
          "calender_week_2": "Not Tested",
          "calender_week_3": "Pass",
          "calender_week_4": "Pass",
          "calender_week_5": "Not Tested"
        }
      }
    ]
  },
  {
    "task_name": "Trunk Light",
    "sub_tasks": [
      {
        "sub_task_name": "TrkLgtCtrl",
        "head": true,
        "metrics": {
          "calender_week_1": "Not Tested",
          "calender_week_2": "Not Tested",
          "calender_week_3": "Pass",
          "calender_week_4": "Pass",
          "calender_week_5": "Not Tested"
        }
      },
      {
        "sub_task_name": "TrkLgtCtrl_T1_TCSuccessfulLightOnOff",
        "metrics": {
          "calender_week_1": 0,
          "calender_week_2": 0,
          "calender_week_3": 85.5,
          "calender_week_4": 12.3,
          "calender_week_5": 12.3
        }
      },
      {
        "sub_task_name": "TrkLgtCtrl_T2_TCLightFadeInFadeOut",
        "metrics": {
          "calender_week_1": 85.5,
          "calender_week_2": 12.3,
          "calender_week_3": 85.5,
          "calender_week_4": 12.3,
          "calender_week_5": 12.3
        }
      },
      {
        "sub_task_name": "TrkLgtCtrl_T3_TCInvalidLightCommand",
        "metrics": {
          "calender_week_1": 85.5,
          "calender_week_2": 12.3,
          "calender_week_3": 85.5,
          "calender_week_4": 12.3,
          "calender_week_5": 12.3
        }
      },
      {
        "sub_task_name": "Test Case 4",
        "metrics": {
          "calender_week_1": 85.5,
          "calender_week_2": 12.3,
          "calender_week_3": 85.5,
          "calender_week_4": 12.3,
          "calender_week_5": 12.3
        }
      },
      {
        "sub_task_name": "Test Case 5",
        "metrics": {
          "calender_week_1": 85.5,
          "calender_week_2": 12.3,
          "calender_week_3": 85.5,
          "calender_week_4": 12.3,
          "calender_week_5": 12.3
        }
      }
    ]
  },
  {
    "task_name": "Trunk Display on Cluster",
    "sub_tasks": [
      {
        "sub_task_name": "Test Suite 1",
        "metrics": {
          "calender_week_1": 85.5,
          "calender_week_2": 12.3,
          "calender_week_3": 85.5,
          "calender_week_4": 12.3,
          "calender_week_5": 12.3
        }
      },
      {
        "sub_task_name": "Test Case 1",
        "metrics": {
          "calender_week_1": "Fail",
          "calender_week_2": 12.3,
          "calender_week_3": 85.5,
          "calender_week_4": 12.3,
          "calender_week_5": 12.3
        }
      },
      {
        "sub_task_name": "Test Case 2",
        "metrics": {
          "calender_week_1": 85.5,
          "calender_week_2": 12.3,
          "calender_week_3": 85.5,
          "calender_week_4": 12.3,
          "calender_week_5": 12.3
        }
      },
      {
        "sub_task_name": "Test Case 3",
        "metrics": {
          "calender_week_1": 85.5,
          "calender_week_2": 12.3,
          "calender_week_3": 85.5,
          "calender_week_4": 12.3,
          "calender_week_5": 12.3
        }
      },
      {
        "sub_task_name": "Test Case 4",
        "metrics": {
          "calender_week_1": 85.5,
          "calender_week_2": 12.3,
          "calender_week_3": 85.5,
          "calender_week_4": 12.3,
          "calender_week_5": 12.3
        }
      },
      {
        "sub_task_name": "Test Case 5",
        "metrics": {
          "calender_week_1": 85.5,
          "calender_week_2": 12.3,
          "calender_week_3": 85.5,
          "calender_week_4": 12.3,
          "calender_week_5": 12.3
        }
      }
    ]
  }
]